﻿StudyID,1
IRB_approv_listed,approved by Mcgill REB II
full_sample,53
groups_diff,within subjects (paired T test)
nsub_after_exc,30
nfemale,19
mean_age,21.333
age_range,
age_var,2.279
handedness,3 left 27 right
numrejected,23
reason_rejection,"Recording Errors, Poor EEG quality, poor behavioural preformance"
Practice_trials,50 practice 
trialnum,1200
Intertrialperiod,1 second
designtype,within 
block_leng,120 trials
Stim_dur,
presentation_software,MATLAB psychtoolbox
Presentation_monitor,25 inches BenQ G2420HD 1024x 768
Presentation_Auditory,NA
presentation_computer,Windows 7 professional 16 gb RAM intel i7 CPU
Education,undergraduat stuents or higher
Power_analysis,"None, based sample size on previos attention research "
Inc/Exc,"healthy individuals, corrected vison, no neurological conditions; excluded anyone with bad eeg, or poor preformance (less than 50% accuracy, 30% subjective reports, wrong button pressing or too slow 10%)"
Stimulus_descrip,Gabor patch generated in MATLAB (images available ) 
Response_procedure,left index finger on 'F' key and right index finger on 'J' key
Response_apparatus,hp USB keyboard sk-2885
Compensation,25$
Number_of_experimenters,2
Instructions_brief_desc,"particpants were instructed to remain seated, minimize headmoevemnts. Told to fixate at the center of the screen thoughout the experiemnt and to minimize eye movemnts and blinks. Asnwer as quickly and as accuractely as possible to the two questions. Conisder seen as any subjective experience of the target. Blink at the end of trial during blank screen"
EEG_manufacter,brain vision products: actichamp 
num_electrodes,64
spatial_layout,10-20 international
sensor_material,Ag/Ag-Cl
sensor_type_active,active
online_sampling,1000hz
online_filters,none
online_ground,Fpz
online_reference,C4
elec_skin_prep,supervisc conductive gel applied
Impedences_reported,less than 10 kohms
Time_impedences_checked,at start of experiemnt 
External_electrodes_mentioned,EOG and HEOG (two earlobe grounds)
External_electrodes_descrip,"placed 1cm above and below left eye, on earlobes and 1cm on either side of the canthus"
head_position,"sitting down on chair, head upright "
recording_env,"quiet room, dimmed lights, only recording computer, monitor and amplifier equipment "
recording_softw,brain vision recorder
event_triggers,"sent through parallel port ttl triggers, latter corrected with photodiode placed on the bottom left corner of presentation screen "
workflow_preproc,resampled -> high pass filter -> topographic interpolation -> new reference -> ocular ICA correction -> artifact rejction (visual) -> low pass filter 30 Hz -> epoched -> baseline correction
prepr_software,"BV analyzer 2 and brainstorm, erps baseline corrections comupted with custom scripts provided"
is_custoum_avail,provided in github
downsampling,downsampled to 250
offline_ref,offline Avg refernce
just_offline_ref,"many electrodes safe to avg ref (64 or greater), reduce the amount of noise"
filter_type,IIR filters
filter_cutoffs,0.1 and then 30 Hz
removed_bad_channels,yes
removing_channel_criteria,"excessive highfreq noise, slow drift, poor contact, excessive artifacts"
num_remov_channel,1%<
interpolation_method,sphreical interpolation
detrending,none
epoching_length, -500 to 1000
epoching_num_trials,1080 trials
Kind_of_artifacts,"muscle artifact, EOG, HEOG, spikes, slow drifts (i.e sweat)"
ident_artifact_method,visual inspection after ICA
Num_trials_left,29.33 trials (2.7% of trials)
remove_or_correct_artifacts,removed trials and corrected for artifacts 
ICA_preformed,YES
ICA_num_comp,64 components
ICA_num_rem_com,2 on average per particpant
ICA_topography,NOT avaibalbe 
baseline_correction,manipulated variable