Title,ACCEPTED?,URL,Description,Details,Journals,Date_published,Maximum_article_length,Five_year_Impact_factor,Resource,Type,Identifiers,Db,EntrezUID,Properties
Anxiety and neural responses to infant and adult faces during pregnancy.,Y,/pubmed/28274659,"Rutherford HJV, Byrne SP, Austin GM, Lee JD, Crowley MJ, Mayes LC.",Biol Psychol. 2017 Apr;125:115-120. doi: 10.1016/j.biopsycho.2017.03.002. Epub 2017 Mar 6.,Biol Psychol.  ,2017,,,PubMed,citation,PMID:28274659,pubmed,28274659,create date:2017/03/10 | first author:Rutherford HJV
Retinotopic mapping of visual event-related potentials.,Y,/pubmed/27235686,"Capilla A, Melcón M, Kessel D, Calderón R, Pazo-Álvarez P, Carretié L.",Biol Psychol. 2016 Jul;118:114-125. doi: 10.1016/j.biopsycho.2016.05.009. Epub 2016 May 25.,Biol Psychol.  ,2016,,,PubMed,citation,PMID:27235686,pubmed,27235686,create date:2016/05/29 | first author:Capilla A
Effects of expectation congruency on event-related potentials (ERPs) to facial expressions depend on cognitive load during the expectation phase.,Y,/pubmed/27666368,"Lin H, Schulz C, Straube T.",Biol Psychol. 2016 Oct;120:126-136. doi: 10.1016/j.biopsycho.2016.09.006. Epub 2016 Sep 22.,Biol Psychol.  ,2016,,,PubMed,citation,PMID:27666368,pubmed,27666368,create date:2016/10/19 | first author:Lin H
Individual differences in EEG correlates of recognition memory due to DAT polymorphisms.,Y,/pubmed/29299388,"Medrano P, Nyhus E, Smolen A, Curran T, Ross RS.",Brain Behav. 2017 Nov 10;7(12):e00870. doi: 10.1002/brb3.870. eCollection 2017 Dec.,Brain Behav.  ,2017,,,PubMed,citation,PMID:29299388 | PMCID:PMC5745248,pubmed,29299388,create date:2018/01/05 | first author:Medrano P
Time-generalized multivariate analysis of EEG responses reveals a cascading architecture of semantic mismatch processing.,Y,/pubmed/29980071,"Heikel E, Sassenhagen J, Fiebach CJ.",Brain Lang. 2018 Sep;184:43-53. doi: 10.1016/j.bandl.2018.06.007. Epub 2018 Jul 3.,Brain Lang.,2018,,3.405,PubMed,citation,PMID:29980071,pubmed,29980071,create date:2018/07/07 | first author:Heikel E
The N400 in processing repeated name and pronoun anaphors in sentences and discourse.,Y,/pubmed/28646665,"Almor A, Nair VA, Boiteau TW, Vendemia JMC.",Brain Lang. 2017 Oct;173:52-66. doi: 10.1016/j.bandl.2017.06.003. Epub 2017 Jun 21.,Brain Lang.  ,2017,,3.405,PubMed,citation,PMID:28646665 | PMCID:PMC5582981,pubmed,28646665,create date:2017/06/25 | first author:Almor A
Response retrieval and motor planning during typing.,Y,/pubmed/27344127,"Pinet S, Dubarry AS, Alario FX.",Brain Lang. 2016 Aug;159:74-83. doi: 10.1016/j.bandl.2016.05.012. Epub 2016 Jun 23.,Brain Lang.  ,2016,,3.405,PubMed,citation,PMID:27344127,pubmed,27344127,create date:2016/06/28 | first author:Pinet S
Distinct morphological processing of recently learned compound words: An ERP study.,Y,/pubmed/26505918,"Kaczer L, Timmer K, Bavassi L, Schiller NO.",Brain Res. 2015 Dec 10;1629:309-17. doi: 10.1016/j.brainres.2015.10.029. Epub 2015 Oct 23.,Brain Res.  ,2015,,2.929,PubMed,citation,PMID:26505918,pubmed,26505918,create date:2015/10/28 | first author:Kaczer L
The impact of cognitive load on reward evaluation.,Y,/pubmed/26431993,"Krigolson OE, Hassall CD, Satel J, Klein RM.",Brain Res. 2015 Nov 19;1627:225-32. doi: 10.1016/j.brainres.2015.09.028. Epub 2015 Oct 9.,Brain Res.  ,2015,,2.929,PubMed,citation,PMID:26431993,pubmed,26431993,create date:2015/10/04 | first author:Krigolson OE
Impaired Facilitatory Mechanisms of Auditory Attention After Damage of the Lateral Prefrontal Cortex.,Y,/pubmed/24925773,"Bidet-Caulet A, Buchanan KG, Viswanath H, Black J, Scabini D, Bonnet-Brilhault F, Knight RT.",Cereb Cortex. 2015 Nov;25(11):4126-34. doi: 10.1093/cercor/bhu131. Epub 2014 Jun 12.,Cereb Cortex.  ,2015,,,PubMed,citation,PMID:24925773 | PMCID:PMC4626830,pubmed,24925773,create date:2014/06/14 | first author:Bidet-Caulet A
"A 15-day course of donepezil modulates spectral EEG dynamics related to target auditory stimuli in young, healthy adult volunteers.",Y,/pubmed/26699666,"Leroy C, Bourriez JL, Dujardin K, Molaee-Ardekani B, Babiloni C, Deplanque D, Ponchel A, Hennion S, Plomhause L, Devanne H, Deguil J, Payoux P, Blin O, Méligne D, Micallef J, Chauveau N, Lanteaume L, Vervueren C, Guimont F, Thalamas C, Cassé-Perrot C, Rouby F, et al.",Clin Neurophysiol. 2015 Nov 27. pii: S1388-2457(15)01119-0. doi: 10.1016/j.clinph.2015.11.018. [Epub ahead of print],Clin Neurophysiol.  ,2015,,,PubMed,citation,PMID:26699666,pubmed,26699666,create date:2015/12/25 | first author:Leroy C
The P600 in Implicit Artificial Grammar Learning.,Y,/pubmed/26913833,"Silva S, Folia V, Hagoort P, Petersson KM.",Cogn Sci. 2017 Jan;41(1):137-157. doi: 10.1111/cogs.12343. Epub 2016 Feb 23.,Cogn Sci.  ,2017,,,PubMed,citation,PMID:26913833,pubmed,26913833,create date:2016/02/26 | first author:Silva S
Music reading expertise modulates hemispheric lateralization in English word processing but not in Chinese character processing.,Y,/pubmed/29558721,"Li STK, Hsiao JH.",Cognition. 2018 Jul;176:159-173. doi: 10.1016/j.cognition.2018.03.010. Epub 2018 Mar 20.,Cognition.,2018,,,PubMed,citation,PMID:29558721,pubmed,29558721,create date:2018/03/21 | first author:Li STK
Extracting patterns of single-trial EEG using an adaptive learning algorithm.,N,/pubmed/26737816,"Lin CT, Wang YK, Fang CN, Yu YH, King JT.",Conf Proc IEEE Eng Med Biol Soc. 2015;2015:6642-5. doi: 10.1109/EMBC.2015.7319916.,Conf Proc IEEE Eng Med Biol Soc.,2015,,,PubMed,citation,PMID:26737816,pubmed,26737816,create date:2016/01/07 | first author:Lin CT
Processing genuine and nongenuine smiles as social response to personal performance: An event-related brain potential (ERP) study.,Y,/pubmed/28581322,"Valt C, Stürmer B.",Emotion. 2018 Jun;18(4):551-562. doi: 10.1037/emo0000327. Epub 2017 Jun 5.,Emotion.  ,2018,,,PubMed,citation,PMID:28581322,pubmed,28581322,create date:2017/06/06 | first author:Valt C
Electrophysiological correlates of decision making impairment in multiple sclerosis.,N,/pubmed/27888527,"Azcárraga-Guirola E, Rodríguez-Agudelo Y, Velázquez-Cardoso J, Rito-García Y, Solís-Vivanco R.",Eur J Neurosci. 2017 Jan;45(2):321-329. doi: 10.1111/ejn.13465. Epub 2016 Nov 25.,Eur J Neurosci.,2017,,,PubMed,citation,PMID:27888527,pubmed,27888527,create date:2016/11/27 | first author:Azcárraga-Guirola E
Cerebral correlates of faking: evidence from a brief implicit association test on doping attitudes.,Y,/pubmed/26074798,"Schindler S, Wolff W, Kissler JM, Brand R.",Front Behav Neurosci. 2015 May 29;9:139. doi: 10.3389/fnbeh.2015.00139. eCollection 2015.,Front Behav Neurosci.  ,2015,,,PubMed,citation,PMID:26074798 | PMCID:PMC4448510,pubmed,26074798,create date:2015/06/16 | first author:Schindler S
Visual mismatch negativity (vMMN): a prediction error signal in the visual modality.,N,/pubmed/25657621,"Stefanics G, Astikainen P, Czigler I.",Front Hum Neurosci. 2015 Jan 22;8:1074. doi: 10.3389/fnhum.2014.01074. eCollection 2014. No abstract available. ,Front Hum Neurosci.,2014,,,PubMed,citation,PMID:25657621 | PMCID:PMC4302941,pubmed,25657621,create date:2015/02/07 | first author:Stefanics G
Culture Modulates the Brain Response to Harmonic Violations: An EEG Study on Hierarchical Syntactic Structure in Music.,Y,/pubmed/29270118,"Akrami H, Moghimi S.",Front Hum Neurosci. 2017 Dec 6;11:591. doi: 10.3389/fnhum.2017.00591. eCollection 2017.,Front Hum Neurosci.  ,2017,,,PubMed,citation,PMID:29270118 | PMCID:PMC5723651,pubmed,29270118,create date:2017/12/23 | first author:Akrami H
Preattentive Processing of Numerical Visual Information.,Y,/pubmed/28261078,"Hesse PN, Schmitt C, Klingenhoefer S, Bremmer F.",Front Hum Neurosci. 2017 Feb 17;11:70. doi: 10.3389/fnhum.2017.00070. eCollection 2017.,Front Hum Neurosci.  ,2017,,,PubMed,citation,PMID:28261078 | PMCID:PMC5313506,pubmed,28261078,create date:2017/03/07 | first author:Hesse PN
How the Dorsolateral Prefrontal Cortex Controls Affective Processing in Absence of Visual Awareness - Insights From a Combined EEG-rTMS Study.,Y,/pubmed/30386222,"Keuper K, Terrighena EL, Chan CCH, Junghoefer M, Lee TMC.",Front Hum Neurosci. 2018 Oct 16;12:412. doi: 10.3389/fnhum.2018.00412. eCollection 2018.,Front Hum Neurosci.  ,2018,,,PubMed,citation,PMID:30386222 | PMCID:PMC6198096,pubmed,30386222,create date:2018/11/06 | first author:Keuper K
The electrophysiology of language production: what could be improved.,N,/pubmed/25628586,"Piai V, Riès SK, Knight RT.",Front Psychol. 2015 Jan 13;5:1560. doi: 10.3389/fpsyg.2014.01560. eCollection 2014. No abstract available. ,Front Psychol.,2014,,,PubMed,citation,PMID:25628586 | PMCID:PMC4292226,pubmed,25628586,create date:2015/01/30 | first author:Piai V
Language-Model Assisted Brain Computer Interface for Typing: A Comparison of Matrix and Rapid Serial Visual Presentation.,N,/pubmed/25775495,"Moghadamfalahi M, Orhan U, Akcakaya M, Nezamfar H, Fried-Oken M, Erdogmus D.",IEEE Trans Neural Syst Rehabil Eng. 2015 Sep;23(5):910-20. doi: 10.1109/TNSRE.2015.2411574. Epub 2015 Mar 11.,IEEE Trans Neural Syst Rehabil Eng. ,2015,,,PubMed,citation,PMID:25775495,pubmed,25775495,create date:2015/03/17 | first author:Moghadamfalahi M
How Attention Changes in Response to Incentives.,Y,/pubmed/26151604,"Sawaki R, Luck SJ, Raymond JE.",J Cogn Neurosci. 2015 Nov;27(11):2229-39. doi: 10.1162/jocn_a_00847. Epub 2015 Jul 7.,J Cogn Neurosci.  ,2015,,,PubMed,citation,PMID:26151604 | PMCID:PMC4589447,pubmed,26151604,create date:2015/07/08 | first author:Sawaki R
Trial latencies estimation of event-related potentials in EEG by means of genetic algorithms.,N,/pubmed/29154255,"Da Pelo P, De Tommaso M, Monaco A, Stramaglia S, Bellotti R, Tangaro S.",J Neural Eng. 2018 Apr;15(2):026016. doi: 10.1088/1741-2552/aa9b97.,J Neural Eng.,2018,,,PubMed,citation,PMID:29154255,pubmed,29154255,create date:2017/11/21 | first author:Da Pelo P
Cognitive workload modulation through degraded visual stimuli: a single-trial EEG study.,Y,/pubmed/26065874,"Yu K, Prasad I, Mir H, Thakor N, Al-Nashash H.",J Neural Eng. 2015 Aug;12(4):046020. doi: 10.1088/1741-2560/12/4/046020. Epub 2015 Jun 12.,J Neural Eng.  ,2015,,,PubMed,citation,PMID:26065874,pubmed,26065874,create date:2015/06/13 | first author:Yu K
Brain negativity as an indicator of predictive error processing: the contribution of visual action effect monitoring.,Y,/pubmed/28446578,"Joch M, Hegele M, Maurer H, Müller H, Maurer LK.",J Neurophysiol. 2017 Jul 1;118(1):486-495. doi: 10.1152/jn.00036.2017. Epub 2017 Apr 26.,J Neurophysiol.  ,2017,,,PubMed,citation,PMID:28446578 | PMCID:PMC5506263,pubmed,28446578,create date:2017/04/28 | first author:Joch M
"Dynamic spatiotemporal brain analyses using high-performance electrical neuroimaging, Part II: A step-by-step tutorial.",N,/pubmed/26363189,"Cacioppo S, Cacioppo JT.",J Neurosci Methods. 2015 Dec 30;256:184-97. doi: 10.1016/j.jneumeth.2015.09.004. Epub 2015 Sep 10.,J Neurosci Methods.,2015,,,PubMed,citation,PMID:26363189,pubmed,26363189,create date:2015/09/13 | first author:Cacioppo S
Mental processing comparison between past and future employing a novel EEG analysis based on radiated EM field estimation.,N,/pubmed/30342107,"Katsouris AG, Kapsalis NC, Stachtea X, Papageorgiou P, Mavromatos A, Papageorgiou C, Capsalis CN.",J Neurosci Methods. 2018 Oct 18;311:156-163. doi: 10.1016/j.jneumeth.2018.10.024. [Epub ahead of print],J Neurosci Methods. ,2018,,,PubMed,citation,PMID:30342107,pubmed,30342107,create date:2018/10/21 | first author:Katsouris AG
Measuring the face-sensitive N170 with a gaming EEG system: A validation study.,Y,/pubmed/26057115,"de Lissa P, Sörensen S, Badcock N, Thie J, McArthur G.",J Neurosci Methods. 2015 Sep 30;253:47-54. doi: 10.1016/j.jneumeth.2015.05.025. Epub 2015 Jun 6.,J Neurosci Methods.  ,2015,,,PubMed,citation,PMID:26057115,pubmed,26057115,create date:2015/06/10 | first author:de Lissa P
Perceived communicative context and emotional content amplify visual word processing in the fusiform gyrus.,Y,/pubmed/25878274,"Schindler S, Wegrzyn M, Steppacher I, Kissler J.",J Neurosci. 2015 Apr 15;35(15):6010-9. doi: 10.1523/JNEUROSCI.3346-14.2015.,J Neurosci.  ,2015,,,PubMed,citation,PMID:25878274,pubmed,25878274,create date:2015/04/17 | first author:Schindler S
Translational use of event-related potentials to assess circuit integrity in ASD.,N,/pubmed/28211449,"Modi ME, Sahin M.",Nat Rev Neurol. 2017 Mar;13(3):160-170. doi: 10.1038/nrneurol.2017.15. Epub 2017 Feb 17. Review.,Nat Rev Neurol. ,2017,,,PubMed,citation,PMID:28211449,pubmed,28211449,create date:2017/02/18 | first author:Modi ME
Multiple linear regression to estimate time-frequency electrophysiological responses in single trials.,N,/pubmed/25665966,"Hu L, Zhang ZG, Mouraux A, Iannetti GD.",Neuroimage. 2015 May 1;111:442-53. doi: 10.1016/j.neuroimage.2015.01.062. Epub 2015 Feb 7.,Neuroimage.,2015,,,PubMed,citation,PMID:25665966 | PMCID:PMC4401443,pubmed,25665966,create date:2015/02/11 | first author:Hu L
"Facilitation and inhibition in attention: Functional dissociation of pre-stimulus alpha activity, P1, and N1 components.",Y,/pubmed/26436713,"Slagter HA, Prinssen S, Reteig LC, Mazaheri A.",Neuroimage. 2016 Jan 15;125:25-35. doi: 10.1016/j.neuroimage.2015.09.058. Epub 2015 Oct 3.,Neuroimage.  ,2016,,,PubMed,citation,PMID:26436713,pubmed,26436713,create date:2015/10/06 | first author:Slagter HA
Dissociating temporal attention from spatial attention and motor response preparation: A high-density EEG study.,Y,/pubmed/26433120,"Faugeras F, Naccache L.",Neuroimage. 2016 Jan 1;124(Pt A):947-957. doi: 10.1016/j.neuroimage.2015.09.051. Epub 2015 Oct 1. Erratum in: Neuroimage. 2016 Feb 15;127():512. ,Neuroimage.  ,2016,,,PubMed,citation,PMID:26433120,pubmed,26433120,create date:2015/10/04 | first author:Faugeras F
The development of category specificity in infancy--What can we learn from electrophysiology?,N,/pubmed/26305018,Hoehl S.,Neuropsychologia. 2016 Mar;83:114-122. doi: 10.1016/j.neuropsychologia.2015.08.021. Epub 2015 Aug 21. Review.,Neuropsychologia.,2016,,,PubMed,citation,PMID:26305018,pubmed,26305018,create date:2015/08/26 | first author:Hoehl S
Native and non-native speech sound processing and the neural mismatch responses: A longitudinal study on classroom-based foreign language learning.,Y,/pubmed/25934634,"Jost LB, Eberhard-Moscicka AK, Pleisch G, Heusser V, Brandeis D, Zevin JD, Maurer U.",Neuropsychologia. 2015 Jun;72:94-104. doi: 10.1016/j.neuropsychologia.2015.04.029. Epub 2015 Apr 28.,Neuropsychologia.  ,2015,,,PubMed,citation,PMID:25934634,pubmed,25934634,create date:2015/05/03 | first author:Jost LB
Prenatal developmental origins of behavior and mental health: The influence of maternal stress in pregnancy.,N,/pubmed/28757456,"Van den Bergh BRH, van den Heuvel MI, Lahti M, Braeken M, de Rooij SR, Entringer S, Hoyer D, Roseboom T, Räikkönen K, King S, Schwab M.",Neurosci Biobehav Rev. 2017 Jul 28. pii: S0149-7634(16)30734-5. doi: 10.1016/j.neubiorev.2017.07.003. [Epub ahead of print] Review.,Neurosci Biobehav Rev.,2017,,,PubMed,citation,PMID:28757456,pubmed,28757456,create date:2017/08/02 | first author:Van den Bergh BRH
Differential recruitment of brain networks during visuospatial and color processing: Evidence from ERP microstates.,Y,/pubmed/26241335,"Antonova I, Bänninger A, Dierks T, Griskova-Bulanova I, Koenig T, Kohler A.",Neuroscience. 2015 Oct 1;305:128-38. doi: 10.1016/j.neuroscience.2015.07.078. Epub 2015 Aug 1.,Neuroscience.  ,2015,,,PubMed,citation,PMID:26241335,pubmed,26241335,create date:2015/08/05 | first author:Antonova I
Sustained attention in skilled and novice martial arts athletes: a study of event-related potentials and current sources.,Y,/pubmed/26855865,"Sanchez-Lopez J, Silva-Pereyra J, Fernandez T.",PeerJ. 2016 Jan 26;4:e1614. doi: 10.7717/peerj.1614. eCollection 2016.,PeerJ.  ,2016,,,PubMed,citation,PMID:26855865 | PMCID:PMC4741076,pubmed,26855865,create date:2016/02/09 | first author:Sanchez-Lopez J
EEG findings of reduced neural synchronization during visual integration in schizophrenia.,Y,/pubmed/25785939,"Wynn JK, Roach BJ, Lee J, Horan WP, Ford JM, Jimenez AM, Green MF.",PLoS One. 2015 Mar 18;10(3):e0119849. doi: 10.1371/journal.pone.0119849. eCollection 2015.,PLoS One.  ,2015,,,PubMed,citation,PMID:25785939 | PMCID:PMC4364708,pubmed,25785939,create date:2015/03/19 | first author:Wynn JK
"Precursors to morality in development as a complex interplay between neural, socioenvironmental, and behavioral facets.",Y,/pubmed/26324885,"Cowell JM, Decety J.",Proc Natl Acad Sci U S A. 2015 Oct 13;112(41):12657-62. doi: 10.1073/pnas.1508832112. Epub 2015 Aug 31.,PNAS,2015,,10.359,PubMed,citation,PMID:26324885 | PMCID:PMC4611595,pubmed,26324885,create date:2015/09/02 | first author:Cowell JM
Electro-physiological changes in the brain induced by caffeine or glucose nasal spray.,Y,/pubmed/27664111,"De Pauw K, Roelands B, Van Cutsem J, Marusic U, Torbeyns T, Meeusen R.",Psychopharmacology (Berl). 2017 Jan;234(1):53-62. doi: 10.1007/s00213-016-4435-2. Epub 2016 Sep 23.,Psychopharmacology (Berl).,2017,,,PubMed,citation,PMID:27664111,pubmed,27664111,create date:2016/09/25 | first author:De Pauw K
Regulating task-monitoring systems in response to variable reward contingencies and outcomes in cocaine addicts.,Y,/pubmed/26861797,"Morie KP, De Sanctis P, Garavan H, Foxe JJ.",Psychopharmacology (Berl). 2016 Mar;233(6):1105-18. doi: 10.1007/s00213-015-4191-8. Epub 2016 Feb 10.,Psychopharmacology (Berl).  ,2016,,,PubMed,citation,PMID:26861797,pubmed,26861797,create date:2016/02/11 | first author:Morie KP
Breakthrough percepts of famous faces.,Y,/pubmed/30288755,"Alsufyani A, Hajilou O, Zoumpoulaki A, Filetti M, Alsufyani H, Solomon CJ, Gibson SJ, Alroobaea R, Bowman H.",Psychophysiology. 2018 Oct 4:e13279. doi: 10.1111/psyp.13279. [Epub ahead of print],Psychophysiology.  ,2018,,,PubMed,citation,PMID:30288755,pubmed,30288755,create date:2018/10/06 | first author:Alsufyani A
Emotional self-other voice processing in schizophrenia and its relationship with hallucinations: ERP evidence.,Y,/pubmed/28474363,"Pinheiro AP, Rezaii N, Rauber A, Nestor PG, Spencer KM, Niznikiewicz M.",Psychophysiology. 2017 Sep;54(9):1252-1265. doi: 10.1111/psyp.12880. Epub 2017 May 5.,Psychophysiology.  ,2017,,,PubMed,citation,PMID:28474363,pubmed,28474363,create date:2017/05/06 | first author:Pinheiro AP
Combined assessment of attentional reserve and cognitive-motor effort under various levels of challenge with a dry EEG system.,Y,/pubmed/29424021,"Gentili RJ, Jaquess KJ, Shuggi IM, Shaw EP, Oh H, Lo LC, Tan YY, Domingues CA, Blanco JA, Rietschel JC, Miller MW, Hatfield BD.",Psychophysiology. 2018 Jun;55(6):e13059. doi: 10.1111/psyp.13059. Epub 2018 Feb 9.,Psychophysiology.  ,2018,,,PubMed,citation,PMID:29424021,pubmed,29424021,create date:2018/02/10 | first author:Gentili RJ
Convergence of fMRI and ERP measures of emotional face processing in combat-exposed U. S. military veterans.,Y,/pubmed/28881021,"MacNamara A, Rabinak CA, Kennedy AE, Phan KL.",Psychophysiology. 2018 Feb;55(2). doi: 10.1111/psyp.12988. Epub 2017 Sep 7.,Psychophysiology.  ,2018,,,PubMed,citation,PMID:28881021 | PMCID:PMC5773351,pubmed,28881021,create date:2017/09/08 | first author:MacNamara A
Mind Wandering and Task-Focused Attention: ERP Correlates.,Y,/pubmed/29765144,"Gonçalves ÓF, Rêgo G, Conde T, Leite J, Carvalho S, Lapenta OM, Boggio PS.",Sci Rep. 2018 May 15;8(1):7608. doi: 10.1038/s41598-018-26028-w.,Sci Rep.  ,2018,,,PubMed,citation,PMID:29765144 | PMCID:PMC5953943,pubmed,29765144,create date:2018/05/17 | first author:Gonçalves ÓF
In God we trust? Neural measures reveal lower social conformity among non-religious individuals.,Y,/pubmed/28338784,"Thiruchselvam R, Gopi Y, Kilekwang L, Harper J, Gross JJ.",Soc Cogn Affect Neurosci. 2017 Jun 1;12(6):956-964. doi: 10.1093/scan/nsx023.,Soc Cogn Affect Neurosci,2017,,,PubMed,citation,PMID:28338784 | PMCID:PMC5472117,pubmed,28338784,create date:2017/03/25 | first author:Thiruchselvam R